policy_id,policyholder_name,street_number,street_name,unit,city,state,zip,injected_error
POL-000001,Lance Hoffman,1924,Angel Harbor,,New Roberttown,CO,29158,missing_unit
POL-000002,James Howard,3757,Robinson Radail,Suite 026,Joshuaborough,WV,44619,misspelling
POL-000003,Shannon Ray,60987,Munoz Valley,Apt. 781,Millerport,MP,82898,outdated_address
POL-000004,Michael Miles,1635,Brandon Forks,Suite 131,Ramirezstad,GA,49021,clean
POL-000005,Colleen Nguyen,534,Chelsea Extension,,East Steven,KY,84387,clean
POL-000006,Emily Rios,77259,Jeremy Bypass,,Richardland,IL,74842,outdated_address
POL-000007,Deborah Richards,206,Wilkerson Row,,Thomasberg,IA,98148,missing_unit
POL-000008,Janice Carlson,7024,Cox Dam,,Lake Ernest,TX,55834,missing_unit
POL-000009,Nathan Cortez,5614,Rice Plaza,Apt. 184,Danielchester Heights,GA,59971,zip_city_mismatch
POL-000010,Phillip Ryan,5981,William Coves,,Meaganhaven,PA,26572,clean
POL-000011,Keith Miller,811,Carol Overpass,,North Sarahport,IA,08093,clean
POL-000012,Tanya Campos,6301,Cabrera Trace,,West Allison,PA,55962,missing_unit
POL-000013,Austin Smith,6025,Jennifer Locks,,Samuelhaven,NV,16361,clean
POL-000014,Andrea Young,850,Brianna Avenue,,Lake Crystalbury,CA,04618,clean
POL-000015,Brent Jordan,1407,Lewis Curve,,Sanchezfort,AS,53855,clean
POL-000016,Jerry Henderson,6327,Jenkins Way,Apt. 106,Laurenville,IA,25613,clean
POL-000017,Carol Tucker,6077,Ford Well,Apt. 781,Lake Yvettetown Heights,CO,99272,zip_city_mismatch
POL-000018,Rachel Mitchell,4474,Michelle Circle,,South Aaron,MS,35261,clean
POL-000019,Amy Silva,1269,Moore Hill,,North Beth,ND,08490,missing_unit
POL-000020,Kristopher Harvey,4110,Brian Pass,Apt. 219,Lake Michellefurt Heights,DE,75169,zip_city_mismatch
POL-000021,Eugene Walton,9225,Sandoval Port,Suite 435,West Randy Heights,TN,85108,zip_city_mismatch
POL-000022,Jaclyn Moore,1016,Albert Rd.,Apt. 183,Davidstad,FM,09517,misspelling
POL-000023,Brandy Wilson,5268,Carr Vlaley,,Lake Lisaport,TN,14078,misspelling
POL-000024,Mark Baker,3583,Julia Drives,,Juanborough Heights,VT,45443,zip_city_mismatch
POL-000025,Jeremy Thornton,7617,King Vsita,Apt. 164,North Matthewberg,SC,34836,misspelling
POL-000026,Jessica Williams,9297,Daniel Spurs,,New Barry,MN,76851,clean
POL-000027,Justin Baxter,7119,Nolan Underpass,,West Jasonbury Heights,TN,13974,zip_city_mismatch
POL-000028,Norman Cook,3693,Sara Freweay,,Port Lisa,FM,54541,misspelling
POL-000029,Andrew Ruiz,1589,Pham Way,,West Erik,UT,14669,clean
POL-000030,Jennifer Ramirez,2604,Lisa Mount,,Kevinbury,IN,03602,clean
POL-000031,Alexander Wiley,7016,Tammy Harbors,,Darlenefurt Heights,TX,70783,zip_city_mismatch
POL-000032,William Wilson,9863,White Greens,,North Candacestad,VA,41615,clean
POL-000033,Nancy Gonzalez,9164,Jonathan Staiton,,Smithside,TX,94798,misspelling
POL-000034,Mary Nguyen,1976,Jones Shores,,Cindyville,VA,39864,clean
POL-000035,Lisa Turner,4471,Spencer Fields,,Ortegafurt Heights,TX,98560,zip_city_mismatch
POL-000036,Daniel Kennedy,102231,Kevin Fords,,Floydmouth,NH,58406,outdated_address
POL-000037,Curtis Johnson,4415,Donna Haven,,Clarencebury,TX,41188,clean
POL-000038,Kathleen Sanchez,8417,Tracey Ridge,,South Robertshire,ID,94656,clean
POL-000039,Amber Wright,4989,Patricia Wall,,Port Ronaldburgh,AS,91715,clean
POL-000040,Jessica Meadows,3358,Stephen Unions,Suite 889,Stephaniemouth,RI,94777,clean
POL-000041,Richard Washington,8937,Merritt Summit,,Colebury,MP,84080,clean
POL-000042,Chris Reyes,57440,Joshua Club,,Jimmymouth,MD,71299,outdated_address
POL-000043,Ross Price,6047,Jasmine Circles,,Russellside,NH,54997,clean
POL-000044,Rebecca Hurst,5138,Melissa Track,,Karenchester,ND,98479,missing_unit
POL-000045,Misty Pittman,9395,RobinsonM ews,,Johnsonmouth,TN,89517,misspelling
POL-000046,Sean White,1233,Tina Place,,South Brittanytown,CO,84747,clean
POL-000047,Paul Williams,88191,Gray Forest,Suite 556,Karenchester,KS,11236,outdated_address
POL-000048,Travis Marshall,2805,Walker Cliff,Apt. 033,New Elijahberg,NJ,88248,clean
POL-000049,Eric Byrd,7032,Wang Expressway,,Port Loriport,CT,76350,clean
POL-000050,Michael Turner,3395,Sanders Stravenue,,North Brittany Heights,MP,82714,zip_city_mismatch
POL-000051,Alexandria Fisher,6218,Laura Port,,West Amandastad,CA,66818,clean
POL-000052,Roger Vargas,2082,Gracia Lake,Suite 262,Christinaside,WI,63873,misspelling
POL-000053,Mary Rogers,9738,Christian Village,,West Nicolebury,WV,61411,clean
POL-000054,Cheryl Allen,217,Rosales Falls,Suite 354,Joshuaview,OH,01831,clean
POL-000055,Kevin Kennedy,3850,Freema nTrace,Apt. 777,North Kellyfurt,UT,32391,misspelling
POL-000056,Bryan Lee,1260,Coleman Summit,,Michaelmouth,KY,40690,missing_unit
POL-000057,Dr. Elizabeth Ward,8053,Julia Trcak,Apt. 337,Jennyhaven,PA,37594,misspelling
POL-000058,Tony Little,4081,Smith Place,,West Brandon,AR,73030,clean
POL-000059,Austin Vasquez,3219,Garcia Bridge,Suite 777,Jackton,KS,63117,clean
POL-000060,Lisa Gibbs,103684,Edward Valleys,,Christopherbury,DE,73648,outdated_address
POL-000061,Elizabeth Oliver DDS,987,Kimberly Light,,Kerrport,VI,77640,clean
POL-000062,Michael Harrison,1712,Stacey Fords,Apt. 412,East Andrea,GA,00851,clean
POL-000063,Joshua Holland,1890,Jesse Squares,,Kristinshire,TN,26429,missing_unit
POL-000064,Terri Mason,7450,Serrano Cliffs,,Scottmouth,UT,40358,missing_unit
POL-000065,Alicia Hubbard,7679,Kim Rapid,Apt. 659,Anthonybury,TX,75893,clean
POL-000066,Kevin Walters,7360,Johnston Track,,South April,NV,36959,clean
POL-000067,Tony Cervantes,1704,Costa Mountains,Suite 655,Port Eugenechester,UT,65443,clean
POL-000068,April Booth,341,Shawn Island,,Marcusfurt,VI,67950,clean
POL-000069,Kari Johnson,67980,Gutierrez Field,Suite 977,East Josephberg,LA,57925,outdated_address
POL-000070,Bruce Collier,6670,Jennifer Inlet,,New Rickybury,MP,15372,missing_unit
POL-000071,Charles Lee,135,Cantu Highway,,Robertfort,NJ,32447,missing_unit
POL-000072,Charles Ryan MD,7554,Michelle Harbor,Suite 584,West Jessicashire,OR,87000,clean
POL-000073,Jennifer Flores,71650,Gibson Islands,,Lake John,MS,31114,outdated_address
POL-000074,Jessica Fox,4961,Thornton Valelys,Suite 627,East Wayneshire,MA,13655,misspelling
POL-000075,Sarah Villarreal,8983,Smith Divide,Suite 217,Matthewfurt Heights,SD,11028,zip_city_mismatch
POL-000076,Michael Mitchell,921,Finley Road,,Brennanton,RI,09469,clean
POL-000077,James Thomas,8801,Julie Mews,Apt. 172,Rebeccaton,MD,07856,clean
POL-000078,Cynthia Durham,1412,Kngiht Turnpike,,East Gregory,RI,50641,misspelling
POL-000079,Megan Moore,3953,Jesse Route,,Stevetown,MH,61482,clean
POL-000080,James Howard,9433,Landry Radial,Suite 647,Jamesfurt,PR,63836,clean
POL-000081,Paula Beltran,1443,Haney Hill,,Port Dominiqueview,AL,74678,clean
POL-000082,Melanie Taylor,8665,Wall Heights,,New John,WV,94994,missing_unit
POL-000083,Jason Gonzalez,5247,Rebecca Rue,Apt. 470,Jessicaland Heights,PW,39181,zip_city_mismatch
POL-000084,Gina Wilson,5015,Schmidt Groves,,West Robin,NJ,39185,clean
POL-000085,Paul Baker,1288,Donald Fork,Suite 851,Smithside,DE,60110,clean
POL-000086,Leonard Holland,9324,Carsno Landing,,Lake Jesustown,RI,74085,misspelling
POL-000087,Brandy Chavez,8388,Blankenship Hollow,Suite 120,West Wendyville,CT,31276,clean
POL-000088,Teresa Ramirez,1227,Matthews Stream,,South Diana Heights,MP,64640,zip_city_mismatch
POL-000089,Vanessa Howard,2684,Robinson Mills,,Port Michael,TX,48648,clean
POL-000090,Alison Buchanan,5056,Hill Crossing,,Davisborough,SD,84320,clean
POL-000091,Linda Ramirez,8766,Vanessa Turnpike,Apt. 183,Port Molly,MA,19841,clean
POL-000092,Hunter Kramer,5005,Vansesa Plains,,Laurenville,TN,03880,misspelling
POL-000093,Ashley Gordon,4433,Smith Grenes,Apt. 268,Lake Brycemouth,WI,47954,misspelling
POL-000094,Theodore Jones Jr.,2646,Jessica Way,Suite 700,Boonechester,TX,14651,clean
POL-000095,Matthew Rich,5717,Cameron Harbor,Suite 698,Shawnchester,CT,92484,clean
POL-000096,Emily Edwards,4425,Russell Forks,,Morganmouth,MO,55025,missing_unit
POL-000097,Laurie Hoffman,69064,Brooks Drives,Suite 111,South Colinstad,AS,17555,outdated_address
POL-000098,John Boone,822,Santiago Loop,Suite 604,Michaelshire,NY,28385,clean
POL-000099,Sandra Adams,100637,Bruce Land,Apt. 493,Bruceside,AK,80323,outdated_address
POL-000100,Kylie Morales,7107,Josuha Track,,Sandrastad,AL,24278,misspelling
POL-000101,Paula Bradley,9038,Joyce Burgs,Apt. 836,Chavezburgh Heights,MN,41347,zip_city_mismatch
POL-000102,Donald Fischer,9152,Nicole Drves,Apt. 901,Scottchester,NM,80071,misspelling
POL-000103,Eric Clark,5150,Michael Creek,Suite 978,Brandonfurt,PA,07681,clean
POL-000104,James Padilla,753,Kathryn Highway,,Davidfort,WA,56947,missing_unit
POL-000105,Laura Mckinney,4188,Jones Wall,,South Andrewland Heights,VI,41534,zip_city_mismatch
POL-000106,Anita Richard,99948,Roberts Lodge,,West Georgemouth,MP,90889,outdated_address
POL-000107,Angela Schultz,2632,Ryan Locks,,South Monicamouth,IN,44156,missing_unit
POL-000108,Craig Morrison,2762,Rebecca Keys,,Jessicaberg,IA,13975,clean
POL-000109,Mrs. Tricia Stewart,6855,Gregory Trail,Suite 799,Maldonadoshire,SD,83770,clean
POL-000110,Emily Hayes,99445,Jones Mills,,Laurashire,AR,46630,outdated_address
POL-000111,Joanna Pacheco,4165,Miguel Heights,Apt. 199,Fordside,WY,97352,clean
POL-000112,David Kim,1871,Marc Moutnains,Apt. 071,Toniland,NY,85190,misspelling
POL-000113,Mark Cook,3744,Warren Ridge,Apt. 554,Ortizmouth,TX,78867,clean
POL-000114,Emily Douglas,5828,Davis Springs,Suite 449,West Christopher,TN,19038,clean
POL-000115,Katie Smith,3828,Anderson Station,Apt. 486,Lisahaven,CO,85176,clean
POL-000116,Kimberly Rodgers,6628,White Forest,Suite 733,East Chris,PR,13757,clean
POL-000117,Carol Kim,4673,Ebony Wells,Apt. 962,East Marie,WI,82386,clean
POL-000118,Cheyenne Gregory,8885,Diaz tSravenue,Apt. 794,Youngbury,ME,61975,misspelling
POL-000119,Brenda Wright,3025,Murray Haven,,Shawchester,GA,26675,clean
POL-000120,Jeffrey Potts,98471,Sawyer Plaza,Apt. 814,Port Ethanmouth,MH,67787,outdated_address
POL-000121,Brad Walker,5239,Lisa Keys,,South Brianhaven,MN,31404,clean
POL-000122,Julie Gilbert,1994,Galvan Villages,Suite 220,Samanthafort,UT,18692,clean
POL-000123,David Fowler,88346,Andrew Forge,Apt. 898,Rodriguezport,IA,39973,outdated_address
POL-000124,Michelle Carter,8921,Brown Villages,,Carlsontown,SC,68052,clean
POL-000125,Katie Smith,3328,Christina Graden,Suite 218,Carloshaven,ND,66997,misspelling
POL-000126,Nicholas Fuller,5509,Williams Loaf,,Jontown,MI,09356,clean
POL-000127,Michael Welch,2141,Anderson Knoll,,Lisaburgh Heights,MP,90243,zip_city_mismatch
POL-000128,Emily Collins,5167,Bryan Trail,,Johnsonborough Heights,AZ,26645,zip_city_mismatch
POL-000129,Amber Rios,4944,Hays Plains,,Kingborough,LA,47290,missing_unit
POL-000130,Cody Holt,6311,Martinez Land,,Prestonmouth,MH,51179,clean
POL-000131,Bobby Guerrero,9424,Glass Path,Suite 161,Morrisonburgh,ND,39005,clean
POL-000132,William Gould,106,Griffin Stravenue,,Williamsstad,RI,57509,missing_unit
POL-000133,Megan Kim,9602,Emily Lodge,,Williamburgh Heights,AK,19215,zip_city_mismatch
POL-000134,Jerry Watson,7338,Carlos Tunnel,,Michaelshire,AZ,79811,missing_unit
POL-000135,Tyler Johnson,7852,Hines Ports,,New Michael,MD,85640,clean
POL-000136,Thomas Henry,2880,Victor Loaf,,West Kimberlymouth,IL,80700,missing_unit
POL-000137,Elijah Moore,5591,Derek Cliffs,Suite 271,Elizabethland,OH,71564,clean
POL-000138,Johnny Ward,3948,Laura Pass,,North Tracie,WY,18703,missing_unit
POL-000139,Samantha Jones,3362,McdonaldP laza,Apt. 911,Raymondfort,NC,54344,misspelling
POL-000140,Catherine Burch,1293,Day Mission,,Frazierstad,DC,72761,clean
POL-000141,Todd Jacobson,9531,Shaw Ways,Apt. 182,Fredmouth,VT,30053,clean
POL-000142,Marcus Winters,8199,John Rd.s,Suite 249,New Danielleshire,OR,20711,misspelling
POL-000143,Deborah Clark,190,Kirby Port,,Port Michelleland,AZ,84577,clean
POL-000144,Karen Ballard,1846,Montgomery Burgs,,Smallside,LA,84637,missing_unit
POL-000145,Charles Hensley,8586,Evans Cliffs,,East Scottfort,NH,27242,clean
POL-000146,Ashley Allen,2088,Gross Wall,,Theresaberg,WV,49068,clean
POL-000147,Victor Barrera,8802,Joseph Gateway,,North Brent,MS,81159,clean
POL-000148,Shawn Jimenez,7351,Peck Stravenue,,Jamesburgh,NM,67967,clean
POL-000149,Douglas Harper,8370,Sierra Parkways,,Levyborough,OR,46755,clean
POL-000150,Holly Morales,7405,Mitchell Branch,,South Dennisview,VA,48444,clean
POL-000151,Barbara Hester,7877,Michael Heights,,South Williamside,KY,82190,clean
POL-000152,Andrew Williams,4643,Brooks Junction,,Kariborough,PA,67232,clean
POL-000153,Luis Kirby,4019,Brokc Path,Suite 298,West Sarah,MD,21800,misspelling
POL-000154,Steven Wiggins,3941,Romero Pass,Suite 947,West Markville Heights,MT,77008,zip_city_mismatch
POL-000155,Michael Johnson,8949,Candice Greens,,New Cristina,RI,50333,missing_unit
POL-000156,Reginald Knapp,6375,James Mill,,Robertchester,UT,27225,clean
POL-000157,Emily Thompson,1152,Janice Path,,New Mark Heights,TN,63202,zip_city_mismatch
POL-000158,Courtney Dudley,7733,Payne Springs,,Chelseaborough,IA,37070,missing_unit
POL-000159,Kimberly Huang,6983,Wise Squares,Apt. 757,Annview,LA,16475,clean
POL-000160,Jeremy Scott,420,Cardenas Trail,,West Bobby,VT,10859,clean
POL-000161,Laurie Sanchez,6332,Lewis Views,,Sarahview,DC,14817,clean
POL-000162,Abigail Pierce,4992,Dana Center,,South Markfort,CT,89786,clean
POL-000163,Matthew Velez,6965,Richard Wells,,Woodsborough,WV,38150,clean
POL-000164,Jennifer Simpson DVM,77870,Denise Fort,,East Robertburgh,PW,05264,outdated_address
POL-000165,Martin Warren,7240,Mcdowell Branch,,Ashleyville Heights,MA,37799,zip_city_mismatch
POL-000166,Mariah Higgins,6724,Melissa Mountain,,Jamesville,MA,21799,clean
POL-000167,Stephanie Wilcox,2191,Jill Turnpike,,Ashleyborough,HI,80580,clean
POL-000168,James Griffin,6555,Miller Skyway,,East Tinafort,MD,33013,clean
POL-000169,Eric Sullivan,1475,Finley Hlolow,,West Desireebury,AR,88029,misspelling
POL-000170,Jacqueline Miles DVM,3077,Vaughn Route,Suite 593,East Timothy Heights,NH,98508,zip_city_mismatch
POL-000171,Ronald Leach,3567,Kathleen Springs,,New Seanstad Heights,CA,74447,zip_city_mismatch
POL-000172,Jill Brown,6311,Ashley Drive,Apt. 587,Lake Jamieshire,NM,12420,clean
POL-000173,Amber Cooper,7006,Wliliam Motorway,Apt. 874,South Jonathantown,WA,29061,misspelling
POL-000174,Maria Fisher,8937,Amber Circle,Apt. 704,Whiteberg,WI,84586,clean
POL-000175,Barbara Haney,3773,West Lane,,Millerside,DC,86161,clean
POL-000176,Nathan Coleman,759,Rice Stream,,Port Adam,AK,39608,clean
POL-000177,Amanda Keller,3366,Morrow Gateway,,Reedview,ID,95531,clean
POL-000178,Nicole Parsons,4008,John Cliff,Apt. 907,East Joyfurt,NV,31216,clean
POL-000179,Patricia Cardenas,76133,William Highway,,Port Sabrina,OK,42300,outdated_address
POL-000180,Jon Compton,6143,Kevin Divide,Apt. 644,New Stacyburgh,SC,89466,clean
POL-000181,Kara Atkinson,1976,Floyd Island,,Russellport,MS,24602,missing_unit
POL-000182,Gary Miller,5196,Mathesw Divide,Suite 086,Grantberg,MS,32332,misspelling
POL-000183,Shelly Lopez,9533,Boone Course,,North Joseph,TX,79795,clean
POL-000184,Autumn Key,6598,Timothy Ways,,Kevintown,IL,25407,missing_unit
POL-000185,Jamie Ferguson,9800,Rocha Square,,South Rose,OH,42655,clean
POL-000186,Jacqueline Gutierrez,1769,Parker Lake,,Owensfort Heights,WV,42474,zip_city_mismatch
POL-000187,Christian Rivera,9937,Joyce Brook,,Angelashire,OR,94874,clean
POL-000188,Maria Henry,9372,Hudson Gardens,,Piercemouth Heights,KS,64545,zip_city_mismatch
POL-000189,Kimberly May,7118,Jessic aKnoll,,East Jennifer,NM,24624,misspelling
POL-000190,Crystal Mann,307,Alexandria Villages,,Port Elizabethtown,MT,18522,clean
POL-000191,Joseph Jenkins,1829,Jeffery Motorway,,Brucefort Heights,TN,64445,zip_city_mismatch
POL-000192,Brent Hernandez,105722,Alyssa Harbor,,Andrechester,AS,23997,outdated_address
POL-000193,Judy Sanchez,8648,Christine Glen,,Josephfurt,CO,49397,missing_unit
POL-000194,Juan Brown,106825,Kevin Views,,Lake Victoriaton,CO,53621,outdated_address
POL-000195,Karen Williams,9807,Jacqueline Corner,Suite 659,New Samanthabury,IL,91240,clean
POL-000196,Tanya Evans,81974,Gabrielle Harbors,Apt. 250,New Douglas,GU,93917,outdated_address
POL-000197,Brenda Hinton,9436,Ashley Vista,,Rhodesside Heights,MA,50812,zip_city_mismatch
POL-000198,Tina Sanders,570,Vincent Key,,North Samuelland Heights,MA,79821,zip_city_mismatch
POL-000199,Luke Yates,8088,Johnson Groves,Suite 735,Reynoldsshire,TN,50317,clean
POL-000200,Derrick Anderson,5676,Christopher Drives,Suite 265,Danieltown,ME,58793,clean
POL-000201,Kyle Nguyen,4626,Ryan Point,,Garcialand,MI,73143,clean
POL-000202,Johnny Brown,3230,Smith Loop,Suite 183,Lake Oscar,DC,35748,clean
POL-000203,Kathleen Jensen,8104,Hill Hills,,Pattonstad,KS,32822,missing_unit
POL-000204,Jeffrey Colon,59030,Rodriguez Hollow,,South Martinfurt,AS,43694,outdated_address
POL-000205,Tracy Casey,67569,Kevin Rapids,Apt. 752,Novakport,WA,91590,outdated_address
POL-000206,Catherine Saunders MD,5116,Bennett Viaduct,,Diazshire Heights,ID,78125,zip_city_mismatch
POL-000207,Brenda Turner,108053,Hahn Fords,,Salinasland,GU,54128,outdated_address
POL-000208,Andrew Schmitt,9117,Hopkins Stravenue,Suite 617,Aguilarside,NY,91164,clean
POL-000209,Brett Walker,4538,Daniel Gateway,,Rasmussenmouth,WY,56921,missing_unit
POL-000210,Vernon Wilson,3255,Sean Lock,Suite 982,Whitneyfort,CT,39223,clean
POL-000211,Austin Williams,3133,Michael Junctions,Suite 387,Thomasmouth,VA,91827,clean
POL-000212,Erin Simmons,4630,Andrew Junctions,,Lake Laurenbury,NC,23366,clean
POL-000213,Lucas Gonzalez,8695,Hall Lodge,,East Danielle,NE,52350,clean
POL-000214,Brian Lambert,3280,Price Squares,Apt. 341,Port Monicaburgh Heights,MN,43228,zip_city_mismatch
POL-000215,Robin Mccarthy,5052,Rose Route,Suite 969,Matthewsstad,MI,60513,clean
POL-000216,James Carlson,4594,Sellesr Ramp,Apt. 251,West Daryl,MN,91391,misspelling
POL-000217,Ryan Harvey,2168,Henderson Oval,,New Garrett,LA,18889,clean
POL-000218,Jennifer Vasquez,1780,Crane Oval,,East Lisa,OH,66749,clean
POL-000219,Dylan Norman,7790,Burns Corner,,Port Kathleenport Heights,AZ,36526,zip_city_mismatch
POL-000220,Ronald Potter,941,Dunn Creek,Apt. 485,Port Jenniferside,IL,56226,clean
POL-000221,Cynthia Cochran,56824,Golden Bypass,,Bakerland,NV,15887,outdated_address
POL-000222,Renee Hudson,9553,Calalhan Ridge,,Martinberg,WY,27583,misspelling
POL-000223,Scott Duke,9321,Carlosn Extension,,Tiffanyport,LA,75570,misspelling
POL-000224,Sean Wright,91107,Derek Terrace,,Sellersview,VI,86470,outdated_address
POL-000225,Jaime Jones,3797,Poole Trace,,Burnsshire Heights,SC,35722,zip_city_mismatch
POL-000226,Melissa Horn,7353,Richard Summit,Suite 577,Brandiland,VA,60590,clean
POL-000227,Rachel Shannon,7125,Robinson Meadow,Apt. 745,Matthewshire,DC,74706,clean
POL-000228,Tyler Harris,1725,Brandon Road,,Smithburgh,NV,60337,missing_unit
POL-000229,Molly Fischer,3557,Nicoel Hollow,Apt. 415,Christopherburgh,AR,52450,misspelling
POL-000230,Michael Smith,2947,Rios Squares,,North Jasonland,DC,78315,missing_unit
POL-000231,Nicholas Garcia,6793,Montoya Wall,,Bensonfort,CA,30509,clean
POL-000232,Lori Hernandez,4871,Richardson Hills,,New Annaburgh,NV,46531,missing_unit
POL-000233,Nicholas Bell,99780,Jensen Mills,,North Peggy,DC,99125,outdated_address
POL-000234,Michelle Mitchell,3924,Edwards Dam,,West Deanna,IA,73035,clean
POL-000235,Matthew Bowers,9763,Melanie Shoals,,Jamiehaven,ID,98522,clean
POL-000236,Joshua Thompson,7065,Troy Creek,,West Sarahberg,MS,74999,missing_unit
POL-000237,Antonio Mccormick,2541,Best Trail,,North Brendatown,KS,28778,clean
POL-000238,Valerie Moore,1269,Fuller Parkway,Suite 661,West Christopher,CO,67518,clean
POL-000239,Jeffrey Chavez,9849,Myers Roads,,West Hollybury,AR,32545,clean
POL-000240,Jon Reed,74756,Kyle Streets,,North Alexander,DC,92447,outdated_address
POL-000241,Jeffrey Warren,6694,Jackson Crossroad,,Jessicaville,WI,04348,clean
POL-000242,Carol Moore,8190,Joseph Ports,,South Spencerstad,AR,65985,clean
POL-000243,John Reyes,7178,Patricia Spring,,East Joycetown,AZ,02111,clean
POL-000244,Barbara Nunez,523,Harold Walks,Apt. 863,Johnmouth,KY,10709,clean
POL-000245,Emily Miller,9524,HarryU nions,,South Caseymouth,VI,37503,misspelling
POL-000246,Kimberly Flynn,9541,Smith Flats,Suite 949,South Micheal,NM,26115,clean
POL-000247,Jamie Rojas,76037,Adam Lodge,,East Ambertown,MA,00692,outdated_address
POL-000248,Anna Morse,85298,Garcia Pines,,South Travis,AR,19162,outdated_address
POL-000249,Mandy Foster,72634,Haynes Landing,,Villegasland,OR,13028,outdated_address
POL-000250,Nancy Stewart,1813,Ryan Curve,,West Jose Heights,MD,52006,zip_city_mismatch
POL-000251,Traci Clark,8217,Hall Flats,Apt. 912,East Shannonmouth,MT,16326,clean
POL-000252,Tracy Foster,9112,For dWalk,Apt. 124,East Marymouth,FL,12456,misspelling
POL-000253,Antonio Norman,5396,Erica Green,Apt. 067,North Steven,AS,18823,clean
POL-000254,Robert Johnson,8531,David Veiw,,Watsonland,OR,77324,misspelling
POL-000255,Tom Williams,8989,JamesR ue,,Lambland,MH,43957,misspelling
POL-000256,Cody Ramirez,84996,Underwood Locks,,Johnsonchester,HI,46893,outdated_address
POL-000257,Marvin Robles,945,Austin River,Apt. 476,Brownview,MS,18488,clean
POL-000258,Hailey Cunningham,4819,Crystal Unions,,South Kimberlystad,NJ,71872,clean
POL-000259,Pamela Key,2089,Price Falls,Apt. 593,Port Kimberlyton,AS,62325,clean
POL-000260,Zachary Robinson,4020,Craig Shoals,,West Amanda Heights,WY,97108,zip_city_mismatch
POL-000261,Suzanne Johnson,324,Kelly Villages,,East Joel,MD,97245,misspelling
POL-000262,Casey Johnson,7660,Meza Port,,New Stacy,MP,65018,clean
POL-000263,Carlos Love,2622,Jesse Forges,,New Timothymouth,PW,80996,clean
POL-000264,Jacqueline Mcmahon,90058,Brown Drive,,Port Daniel,NC,48327,outdated_address
POL-000265,Wayne Steele,7836,Willis Junction,Suite 522,Connerfort,SD,42087,clean
POL-000266,Zachary Sanford,6384,Walker Radial,Apt. 644,East Jessica,UT,75583,clean
POL-000267,Blake Reed,2336,Ian Island,,Lake Ariana,NM,18935,missing_unit
POL-000268,Michelle Williams,6898,Jackson Corners,Suite 704,East Heather,MI,34141,clean
POL-000269,Ronald Kramer,4477,Oconnor Expressway,,Snyderfurt,MI,72069,missing_unit
POL-000270,Stephen Martin,4991,Francisco Cliffs,,West Andrewview,CT,10226,clean
POL-000271,Matthew Lawson,89863,Amy Course,,Brookefort,VT,04563,outdated_address
POL-000272,Kenneth Larsen,5754,Moore Courts,Suite 336,Donnaport,IA,13072,clean
POL-000273,Christopher Carter,6280,Brian Alley,,Millerfort Heights,ID,13213,zip_city_mismatch
POL-000274,Martin Hughes,3190,Thomas Crescent,,Kristenfort,NM,87144,missing_unit
POL-000275,Brittany Horton,6374,Mcclure Land,Apt. 704,Marshallbury,MP,35701,clean
POL-000276,Taylor Armstrong,75799,Christopher Key,Suite 938,Port Paulhaven,MT,70691,outdated_address
POL-000277,Rebecca Byrd,6425,Thomas Common,,Orrton,NY,75371,clean
POL-000278,Jay Mcneil,2592,David Thruoghway,,Thompsonburgh,IL,25761,misspelling
POL-000279,Kelly Stark,9769,Harris Veiw,Apt. 945,North Paulfurt,OH,43247,misspelling
POL-000280,Olivia Ayers,99079,Kristin Road,,Rodriguezberg,FL,74765,outdated_address
POL-000281,Matthew Armstrong,2461,Anna Courts,,Mikaylastad,FM,54357,clean
POL-000282,John Adams,2629,Johnson Harbor,Suite 299,Williamsmouth,UT,31640,clean
POL-000283,Erica Daniel,4442,Smith Viaduct,Suite 447,Port Jeremyport,WA,58580,clean
POL-000284,Kaylee Moore,1415,Jacob Forest,,Figueroahaven,VI,49510,clean
POL-000285,Jesus Hull,8842,Mckinney Lodge,Apt. 890,East Nancy Heights,ID,08054,zip_city_mismatch
POL-000286,John Griffin,8094,Johsua View,,Wagnerville,TX,04506,misspelling
POL-000287,Alexander Williams,3946,Matthews Keys,,Frankview,WA,90790,clean
POL-000288,Sharon Coffey,60278,Mercedes Rue,,Lake Jamie,SD,54175,outdated_address
POL-000289,Terri Marquez,1746,Thomas Curve,,New Lauren,IN,33582,clean
POL-000290,Brian Hunt,574,Coleman Lane,Suite 743,Turnerhaven,GU,82238,clean
POL-000291,Michael Stafford,70909,Hoffman Ranch,Suite 417,West Vanessamouth,VI,36792,outdated_address
POL-000292,Francisco Taylor,8802,Lopez Path,,North Linda,AS,79148,clean
POL-000293,Micheal Parks,3050,Diana Hlil,Suite 666,New Jeanshire,GU,25393,misspelling
POL-000294,Catherine Davis,6367,Knox Skyway,,Williamburgh,MP,86695,missing_unit
POL-000295,Kevin Ford,76298,Joyce Stream,Apt. 513,Jeffreyport,MT,43927,outdated_address
POL-000296,Scott Taylor,7629,Thomas aWy,Apt. 738,Port Erinhaven,ME,54647,misspelling
POL-000297,Mr. Christopher Walters,7722,Matthew Port,,Thomasburgh,WI,11093,clean
POL-000298,Janet Johnson,2688,Shannon Fords,Apt. 927,East Christinachester,MO,56734,clean
POL-000299,Brian Gordon,9726,Jessica Bridge,Suite 830,Lake Jessicabury,UT,45635,clean
POL-000300,Gail Barron,4197,Jackson View,,West Stacymouth Heights,VA,68696,zip_city_mismatch
POL-000301,Danny Mercer,6402,MatthewO verpass,,Karenburgh,PW,53374,misspelling
POL-000302,Linda Williams,9470,Jessica Radial,,Mcdowellview,WI,70589,missing_unit
POL-000303,Michael Mccoy,4937,Desiree Brooks,Apt. 167,Martinezview,NJ,92496,clean
POL-000304,Diane Glover,6584,Fisher Courts,Suite 992,Rivasville,NY,94711,clean
POL-000305,Christopher Kelley,903,Gonzalez Flats,,Marieborough,MI,92701,clean
POL-000306,Sara Caldwell,4789,Haley Orchard,,Jimmytown,TN,12166,missing_unit
POL-000307,Robert Sawyer,5872,Stacy Tunnel,,Hintonport,KS,61354,missing_unit
POL-000308,Alexandra Taylor,4206,Ward Springs,,Ronaldville,CT,99880,clean
POL-000309,James Rivers,2340,Mark Mill,,Natalieland,MN,45422,clean
POL-000310,Thomas Webb,88727,Houston Spurs,Suite 621,Lake Jessica,PR,21393,outdated_address
POL-000311,Jason Williams,6077,WhiteL ight,,Cherylberg,NJ,64480,misspelling
POL-000312,Lisa Reynolds,5452,Pena Bridge,,Lake Morgan,NC,69065,missing_unit
POL-000313,Mason Moore,2265,Timothy Shore,,Hernandezside,MH,80836,clean
POL-000314,Donald Hunter,6094,Christian Ways,,North Karen,MD,32075,clean
POL-000315,Jonathan Valdez,2795,Powell Freeway,Apt. 779,Millerfort,NV,41927,clean
POL-000316,Mary Bryant,7994,Richard Camp,,Port Christopherport,FM,67129,missing_unit
POL-000317,Michelle Cox,60583,Cox Center,,Port Shawn,OH,81733,outdated_address
POL-000318,Dorothy Boyd,2406,Wilson Trace,,North Matthew,MP,83556,missing_unit
POL-000319,Chelsea Conrad,6611,Brandon Expressway,,Taylorchester,CT,33831,clean
POL-000320,Kevin Gordon,6092,Lewis Views,Apt. 516,Lake Maryshire Heights,DE,59549,zip_city_mismatch
POL-000321,Susan Holt,98526,Smith Street,,New Savannahshire,NJ,67129,outdated_address
POL-000322,Lee Schwartz,4395,Jessica Crossroad,,South Dianemouth,NY,50919,clean
POL-000323,Emily Doyle,6186,Joshua Junctions,,Morrisonhaven,ME,92447,missing_unit
POL-000324,Cassandra Daniels,510,James Road,,Glendaberg,VT,85709,clean
POL-000325,Megan English,5474,Page Trace,,Annashire,OK,87946,missing_unit
POL-000326,Christina Christensen,97080,Rich Manors,,New Danielfurt,FL,07456,outdated_address
POL-000327,Joshua Howard,5051,Tnoya Springs,,Dwayneton,UT,39185,misspelling
POL-000328,Richard Jennings,57078,Garcia Ways,Apt. 863,Heatherton,MS,51298,outdated_address
POL-000329,Susan Bush,3946,Alexande rGlen,,New Misty,VI,58574,misspelling
POL-000330,William Jones,6178,Fischer Plains,,Port Jenny,ID,39059,clean
POL-000331,Kevin Scott,8950,Jill Crest,,Williamsview,OH,35135,clean
POL-000332,Mary Henry,2631,Owens Drives,,East Sarahton,WI,82469,clean
POL-000333,Caitlin Daniels,8117,Jones Station,,Aliciaburgh,NC,09437,clean
POL-000334,Veronica Smith,4683,Davis Forges,Apt. 555,Jefferyhaven Heights,NJ,74076,zip_city_mismatch
POL-000335,Theresa Cruz,7364,Griffin Row,,North Felicia,MD,50488,missing_unit
POL-000336,Brendan Bonilla,6042,Johnson Path,Suite 887,Williamsborough,MD,67858,clean
POL-000337,Ronald Johns,9020,Courtney Fords,,Port Gina,MP,14122,clean
POL-000338,Laura Perez,1092,Lucas Cliffs,,North Charlesburgh,WY,33519,missing_unit
POL-000339,Aaron Cortez,2101,Russell Mission,,Hamiltontown,MS,88751,clean
POL-000340,Michael Obrien,1601,Katelyn Prairie,,Lake Melaniestad,NY,14412,clean
POL-000341,Brandy Myers,9883,Hubbar dMill,,Fostertown,NJ,20990,misspelling
POL-000342,Brenda Williams,4090,Choi Divide,,Ericastad,AL,73052,clean
POL-000343,Luis King,3462,Medina Corner,Suite 353,Whiteheadhaven,FL,21597,clean
POL-000344,Donna Jones,3494,Howard Union,,Port Karenside,NH,84999,clean
POL-000345,Jerry Jensen,3917,James Praiire,Suite 552,North Justin,CA,25863,misspelling
POL-000346,Destiny Ward,146,Steele Drives,Suite 562,West Johnbury,VT,97470,clean
POL-000347,Matthew Miller,2229,Humphrey Mountain,,Howardport,NM,72809,clean
POL-000348,Stephanie Atkinson,1901,Tervino Dam,,West Jessica,SC,10523,misspelling
POL-000349,Kimberly Lutz,5969,Lisa Prairie,,Hammondborough,PW,05305,missing_unit
POL-000350,Jonathan Bates,5404,Valdez Drive,,Dennishaven,NY,12370,missing_unit
